Workbook

Sheet 안내
A1: 주간 성과 시트 사용법
A3: 1. '가정' 시트의 노란 칸(파란 글씨)만 내 숫자로 바꿉니다.
A4: 2. 매주 월요일 '주간기록' 시트에 채널별로 한 줄씩 입력합니다. 노란 칸(B~K열)만 입력하고, L열 이후는 자동 계산입니다.
A5: - 광고비: 광고관리자/검색광고 리포트의 해당 주 소진액(VAT 별도로 통일)
A6: - 리드: ERP에 들어온 건수 / 연결: 통화가 된 건수 / 유효상담: 통화 + 차종·시기·자금 조건 확인
A7: - 견적발송·계약: 해당 주에 발생한 건수 / 판촉비: 해당 주 계약에 쓴 판촉비 합계
A8: 3. '채널요약' 시트가 누적 기준으로 채널별 판정(중단/유지/증액)을 보여줍니다.
A9: 4. '월손익' 시트에 월별 계약 건수만 넣으면 순이익과 손익분기를 계산합니다.
A11: 판정 규칙 (실행 플랜 v2, 4-2)
A12: - 누적 광고비 30만 원 미만이고 리드 10건 미만이면 '판단 보류'
A13: - 유효상담 1건당 비용 > 기준값 B의 2배 → '중단'
A14: - 유효상담 1건당 비용 ≤ B → '증액(주 20~30%)'
... A19: 주간기록 2~4행은 입력 형식을 보여주는 예시입니다. 실제 입력 전에 지우세요.

Sheet 가정
A1: 항목 | B1: 값 | C1: 설명·출처
A2: 건당 순공헌 m | B2: 1300000 | C2: 사용자 지정 가정(2026년 실적 건당 약 168만 원을 보수적으로 130만 원으로)
A3: 구매 DB 단가 | B3: 38500 | C3: 사용자 제공
A4: 목표 계약당 비용 비율 | B4: 0.5 | C4: 계약 1건에 m의 50%까지만 광고비 사용(권고값)
A5: 월 도구비 | B5: 250000 | C5: Claude MAX 5x + n8n + 알림톡 + 편집·생성 도구 추정치(실행 플랜 v2, 6-2)
A6: 임시 기준값 B (유효상담당 비용) | B6: 150000 | C6: 구매DB 실측 전 임시값(가정). DB 데이터가 쌓이면 아래 B를 자동 사용
A7: 판정 최소 광고비 | B7: 300000 | C7: 권고 규칙
A8: 판정 최소 리드 수 | B8: 10 | C8: 권고 규칙
A9: 계약당 비용 판정 시작 주차 | B9: 8 | C9: 결정 기간(2~4주)을 고려한 권고값
A11: 계산값
A12: 목표 계약당 비용 | B12: =B2*B4 -> 650000 | C12: 건당 순공헌 × 목표 비율
A13: 구매DB 본전 전환율 | B13: =IFERROR(B3/B2,0) -> 0.029615385 | C13: 구매 DB 리드→계약 전환율이 이 값보다 낮으면 손해
A14: 기준값 B (적용) | B14: =IFERROR(SUMIFS(주간기록!$E:$E,주간기록!$D:$D,"구매DB")/SUMIFS(주간기록!$H:$H,주간기록!$D:$D,"구매DB"),B6) -> 192500 | C14: 구매DB 누적 유효상담당 비용(데이터 없으면 임시값)

Sheet 주간기록
A1: 주차 | B1: 주 시작일 | C1: 담당 | D1: 채널 | E1: 광고비 | F1: 리드 | G1: 연결 | H1: 유효상담 | I1: 견적발송 | J1: 계약 | K1: 판촉비 | L1: 리드단가 | M1: 연결률 | N1: 유효상담률 | O1: 유효상담당 비용 | P1: 계약당 비용(광고비+판촉비) | Q1: 세부(키워드·소재)·메모
A2: 1 | B2: 2026-11-02 | C2: 본인 | D2: 네이버파워링크 | E2: 250000 | F2: 6 | G2: 4 | H2: 2 | I2: 1 | J2: 0 | K2: 0 | L2: =IF(OR($D2="",$F2=0),"",$E2/$F2) -> 41666.667 | M2: =IF(OR($D2="",$F2=0),"",$G2/$F2) -> 0.66666667 | N2: =IF(OR($D2="",$F2=0),"",$H2/$F2) -> 0.33333333 | O2: =IF(OR($D2="",$H2=0),"",$E2/$H2) -> 125000 | P2: =IF(OR($D2="",$J2=0),"",($E2+$K2)/$J2) | Q2: 예시: 차종+장기렌트 그룹
A3: 1 | B3: 2026-11-02 | C3: 본인 | D3: 메타 | E3: 200000 | F3: 5 | G3: 2 | H3: 1 | I3: 0 | J3: 0 | K3: 0 | L3: =IF(OR($D3="",$F3=0),"",$E3/$F3) -> 40000 | M3: =IF(OR($D3="",$F3=0),"",$G3/$F3) -> 0.4 | N3: =IF(OR($D3="",$F3=0),"",$H3/$F3) -> 0.2 | O3: =IF(OR($D3="",$H3=0),"",$E3/$H3) -> 200000 | P3: =IF(OR($D3="",$J3=0),"",($E3+$K3)/$J3) | Q3: 예시: 견적 공개 소재 A
A4: 1 | B4: 2026-11-02 | C4: 본인 | D4: 구매DB | E4: 385000 | F4: 10 | G4: 4 | H4: 2 | I4: 1 | J4: 0 | K4: 0 | L4: =IF(OR($D4="",$F4=0),"",$E4/$F4) -> 38500 | M4: =IF(OR($D4="",$F4=0),"",$G4/$F4) -> 0.4 | N4: =IF(OR($D4="",$F4=0),"",$H4/$F4) -> 0.2 | O4: =IF(OR($D4="",$H4=0),"",$E4/$H4) -> 192500 | P4: =IF(OR($D4="",$J4=0),"",($E4+$K4)/$J4) | Q4: 예시: DB 10건
L5: =IF(OR($D5="",$F5=0),"",$E5/$F5) | M5: =IF(OR($D5="",$F5=0),"",$G5/$F5) | N5: =IF(OR($D5="",$F5=0),"",$H5/$F5) | O5: =IF(OR($D5="",$H5=0),"",$E5/$H5) | P5: =IF(OR($D5="",$J5=0),"",($E5+$K5)/$J5)
L6: =IF(OR($D6="",$F6=0),"",$E6/$F6) | M6: =IF(OR($D6="",$F6=0),"",$G6/$F6) | N6: =IF(OR($D6="",$F6=0),"",$H6/$F6) | O6: =IF(OR($D6="",$H6=0),"",$E6/$H6) | P6: =IF(OR($D6="",$J6=0),"",($E6+$K6)/$J6)
L7: =IF(OR($D7="",$F7=0),"",$E7/$F7) | M7: =IF(OR($D7="",$F7=0),"",$G7/$F7) | N7: =IF(OR($D7="",$F7=0),"",$H7/$F7) | O7: =IF(OR($D7="",$H7=0),"",$E7/$H7) | P7: =IF(OR($D7="",$J7=0),"",($E7+$K7)/$J7)
L8: =IF(OR($D8="",$F8=0),"",$E8/$F8) | M8: =IF(OR($D8="",$F8=0),"",$G8/$F8) | N8: =IF(OR($D8="",$F8=0),"",$H8/$F8) | O8: =IF(OR($D8="",$H8=0),"",$E8/$H8) | P8: =IF(OR($D8="",$J8=0),"",($E8+$K8)/$J8)
L9: =IF(OR($D9="",$F9=0),"",$E9/$F9) | M9: =IF(OR($D9="",$F9=0),"",$G9/$F9) | N9: =IF(OR($D9="",$F9=0),"",$H9/$F9) | O9: =IF(OR($D9="",$H9=0),"",$E9/$H9) | P9: =IF(OR($D9="",$J9=0),"",($E9+$K9)/$J9)
L10: =IF(OR($D10="",$F10=0),"",$E10/$F10) | M10: =IF(OR($D10="",$F10=0),"",$G10/$F10) | N10: =IF(OR($D10="",$F10=0),"",$H10/$F10) | O10: =IF(OR($D10="",$H10=0),"",$E10/$H10) | P10: =IF(OR($D10="",$J10=0),"",($E10+$K10)/$J10)
L11: =IF(OR($D11="",$F11=0),"",$E11/$F11) | M11: =IF(OR($D11="",$F11=0),"",$G11/$F11) | N11: =IF(OR($D11="",$F11=0),"",$H11/$F11) | O11: =IF(OR($D11="",$H11=0),"",$E11/$H11) | P11: =IF(OR($D11="",$J11=0),"",($E11+$K11)/$J11)
L12: =IF(OR($D12="",$F12=0),"",$E12/$F12) | M12: =IF(OR($D12="",$F12=0),"",$G12/$F12) | N12: =IF(OR($D12="",$F12=0),"",$H12/$F12) | O12: =IF(OR($D12="",$H12=0),"",$E12/$H12) | P12: =IF(OR($D12="",$J12=0),"",($E12+$K12)/$J12)
L13: =IF(OR($D13="",$F13=0),"",$E13/$F13) | M13: =IF(OR($D13="",$F13=0),"",$G13/$F13) | N13: =IF(OR($D13="",$F13=0),"",$H13/$F13) | O13: =IF(OR($D13="",$H13=0),"",$E13/$H13) | P13: =IF(OR($D13="",$J13=0),"",($E13+$K13)/$J13)
L14: =IF(OR($D14="",$F14=0),"",$E14/$F14) | M14: =IF(OR($D14="",$F14=0),"",$G14/$F14) | N14: =IF(OR($D14="",$F14=0),"",$H14/$F14) | O14: =IF(OR($D14="",$H14=0),"",$E14/$H14) | P14: =IF(OR($D14="",$J14=0),"",($E14+$K14)/$J14)
L15: =IF(OR($D15="",$F15=0),"",$E15/$F15) | M15: =IF(OR($D15="",$F15=0),"",$G15/$F15) | N15: =IF(OR($D15="",$F15=0),"",$H15/$F15) | O15: =IF(OR($D15="",$H15=0),"",$E15/$H15) | P15: =IF(OR($D15="",$J15=0),"",($E15+$K15)/$J15)
L16: =IF(OR($D16="",$F16=0),"",$E16/$F16) | M16: =IF(OR($D16="",$F16=0),"",$G16/$F16) | N16: =IF(OR($D16="",$F16=0),"",$H16/$F16) | O16: =IF(OR($D16="",$H16=0),"",$E16/$H16) | P16: =IF(OR($D16="",$J16=0),"",($E16+$K16)/$J16)
... L301: =IF(OR($D301="",$F301=0),"",$E301/$F301) | M301: =IF(OR($D301="",$F301=0),"",$G301/$F301) | N301: =IF(OR($D301="",$F301=0),"",$H301/$F301) | O301: =IF(OR($D301="",$H301=0),"",$E301/$H301) | P301: =IF(OR($D301="",$J301=0),"",($E301+$K301)/$J301)

Sheet 채널요약
A1: 채널 | B1: 누적 광고비 | C1: 리드 | D1: 연결 | E1: 유효상담 | F1: 견적발송 | G1: 계약 | H1: 판촉비 | I1: 리드단가 | J1: 유효상담당 비용 | K1: 계약당 비용 | L1: 판정 | M1: 계약당 비용 판정(8주 차~)
A2: 네이버파워링크 | B2: =SUMIFS(주간기록!$E:$E,주간기록!$D:$D,$A2) -> 250000 | C2: =SUMIFS(주간기록!$F:$F,주간기록!$D:$D,$A2) -> 6 | D2: =SUMIFS(주간기록!$G:$G,주간기록!$D:$D,$A2) -> 4 | E2: =SUMIFS(주간기록!$H:$H,주간기록!$D:$D,$A2) -> 2 | F2: =SUMIFS(주간기록!$I:$I,주간기록!$D:$D,$A2) -> 1 | G2: =SUMIFS(주간기록!$J:$J,주간기록!$D:$D,$A2) -> 0 | H2: =SUMIFS(주간기록!$K:$K,주간기록!$D:$D,$A2) -> 0 | I2: =IF(C2=0,"",B2/C2) -> 41666.667 | J2: =IF(E2=0,"",B2/E2) -> 125000 | K2: =IF(G2=0,"",(B2+H2)/G2) | L2: =IF(A2="구매DB","기준선(B)",IF(AND(B2=0,C2=0),"",IF(AND(B2<가정!$B$7,C2<가정!$B$8),"판단 보류",IF(E2=0,IF(B2>=가정!$B$7,"중단 검토(유효상담 0)","판단 보류"),IF(B2/E2>2*가정!$B$14,"중단",IF(B2/E2<=가정!$B$14,"증액(주 20~30%)","유지·소재 1개 교체")))))) -> 판단 보류 | M2: =IF(MAX(주간기록!$A:$A)<가정!$B$9,"8주 차 이후 판정",IF(G2=0,IF(B2>가정!$B$12,"중단 검토(계약 0)","-"),IF((B2+H2)/G2>가정!$B$12,"중단","유지"))) -> 8주 차 이후 판정
A3: 메타 | B3: =SUMIFS(주간기록!$E:$E,주간기록!$D:$D,$A3) -> 200000 | C3: =SUMIFS(주간기록!$F:$F,주간기록!$D:$D,$A3) -> 5 | D3: =SUMIFS(주간기록!$G:$G,주간기록!$D:$D,$A3) -> 2 | E3: =SUMIFS(주간기록!$H:$H,주간기록!$D:$D,$A3) -> 1 | F3: =SUMIFS(주간기록!$I:$I,주간기록!$D:$D,$A3) -> 0 | G3: =SUMIFS(주간기록!$J:$J,주간기록!$D:$D,$A3) -> 0 | H3: =SUMIFS(주간기록!$K:$K,주간기록!$D:$D,$A3) -> 0 | I3: =IF(C3=0,"",B3/C3) -> 40000 | J3: =IF(E3=0,"",B3/E3) -> 200000 | K3: =IF(G3=0,"",(B3+H3)/G3) | L3: =IF(A3="구매DB","기준선(B)",IF(AND(B3=0,C3=0),"",IF(AND(B3<가정!$B$7,C3<가정!$B$8),"판단 보류",IF(E3=0,IF(B3>=가정!$B$7,"중단 검토(유효상담 0)","판단 보류"),IF(B3/E3>2*가정!$B$14,"중단",IF(B3/E3<=가정!$B$14,"증액(주 20~30%)","유지·소재 1개 교체")))))) -> 판단 보류 | M3: =IF(MAX(주간기록!$A:$A)<가정!$B$9,"8주 차 이후 판정",IF(G3=0,IF(B3>가정!$B$12,"중단 검토(계약 0)","-"),IF((B3+H3)/G3>가정!$B$12,"중단","유지"))) -> 8주 차 이후 판정
A4: 네이버GFA | B4: =SUMIFS(주간기록!$E:$E,주간기록!$D:$D,$A4) -> 0 | C4: =SUMIFS(주간기록!$F:$F,주간기록!$D:$D,$A4) -> 0 | D4: =SUMIFS(주간기록!$G:$G,주간기록!$D:$D,$A4) -> 0 | E4: =SUMIFS(주간기록!$H:$H,주간기록!$D:$D,$A4) -> 0 | F4: =SUMIFS(주간기록!$I:$I,주간기록!$D:$D,$A4) -> 0 | G4: =SUMIFS(주간기록!$J:$J,주간기록!$D:$D,$A4) -> 0 | H4: =SUMIFS(주간기록!$K:$K,주간기록!$D:$D,$A4) -> 0 | I4: =IF(C4=0,"",B4/C4) | J4: =IF(E4=0,"",B4/E4) | K4: =IF(G4=0,"",(B4+H4)/G4) | L4: =IF(A4="구매DB","기준선(B)",IF(AND(B4=0,C4=0),"",IF(AND(B4<가정!$B$7,C4<가정!$B$8),"판단 보류",IF(E4=0,IF(B4>=가정!$B$7,"중단 검토(유효상담 0)","판단 보류"),IF(B4/E4>2*가정!$B$14,"중단",IF(B4/E4<=가정!$B$14,"증액(주 20~30%)","유지·소재 1개 교체")))))) | M4: =IF(MAX(주간기록!$A:$A)<가정!$B$9,"8주 차 이후 판정",IF(G4=0,IF(B4>가정!$B$12,"중단 검토(계약 0)","-"),IF((B4+H4)/G4>가정!$B$12,"중단","유지"))) -> 8주 차 이후 판정
A5: 구매DB | B5: =SUMIFS(주간기록!$E:$E,주간기록!$D:$D,$A5) -> 385000 | C5: =SUMIFS(주간기록!$F:$F,주간기록!$D:$D,$A5) -> 10 | D5: =SUMIFS(주간기록!$G:$G,주간기록!$D:$D,$A5) -> 4 | E5: =SUMIFS(주간기록!$H:$H,주간기록!$D:$D,$A5) -> 2 | F5: =SUMIFS(주간기록!$I:$I,주간기록!$D:$D,$A5) -> 1 | G5: =SUMIFS(주간기록!$J:$J,주간기록!$D:$D,$A5) -> 0 | H5: =SUMIFS(주간기록!$K:$K,주간기록!$D:$D,$A5) -> 0 | I5: =IF(C5=0,"",B5/C5) -> 38500 | J5: =IF(E5=0,"",B5/E5) -> 192500 | K5: =IF(G5=0,"",(B5+H5)/G5) | L5: =IF(A5="구매DB","기준선(B)",IF(AND(B5=0,C5=0),"",IF(AND(B5<가정!$B$7,C5<가정!$B$8),"판단 보류",IF(E5=0,IF(B5>=가정!$B$7,"중단 검토(유효상담 0)","판단 보류"),IF(B5/E5>2*가정!$B$14,"중단",IF(B5/E5<=가정!$B$14,"증액(주 20~30%)","유지·소재 1개 교체")))))) -> 기준선(B) | M5: =IF(MAX(주간기록!$A:$A)<가정!$B$9,"8주 차 이후 판정",IF(G5=0,IF(B5>가정!$B$12,"중단 검토(계약 0)","-"),IF((B5+H5)/G5>가정!$B$12,"중단","유지"))) -> 8주 차 이후 판정
A6: 블로그 | B6: =SUMIFS(주간기록!$E:$E,주간기록!$D:$D,$A6) -> 0 | C6: =SUMIFS(주간기록!$F:$F,주간기록!$D:$D,$A6) -> 0 | D6: =SUMIFS(주간기록!$G:$G,주간기록!$D:$D,$A6) -> 0 | E6: =SUMIFS(주간기록!$H:$H,주간기록!$D:$D,$A6) -> 0 | F6: =SUMIFS(주간기록!$I:$I,주간기록!$D:$D,$A6) -> 0 | G6: =SUMIFS(주간기록!$J:$J,주간기록!$D:$D,$A6) -> 0 | H6: =SUMIFS(주간기록!$K:$K,주간기록!$D:$D,$A6) -> 0 | I6: =IF(C6=0,"",B6/C6) | J6: =IF(E6=0,"",B6/E6) | K6: =IF(G6=0,"",(B6+H6)/G6) | L6: =IF(A6="구매DB","기준선(B)",IF(AND(B6=0,C6=0),"",IF(AND(B6<가정!$B$7,C6<가정!$B$8),"판단 보류",IF(E6=0,IF(B6>=가정!$B$7,"중단 검토(유효상담 0)","판단 보류"),IF(B6/E6>2*가정!$B$14,"중단",IF(B6/E6<=가정!$B$14,"증액(주 20~30%)","유지·소재 1개 교체")))))) | M6: =IF(MAX(주간기록!$A:$A)<가정!$B$9,"8주 차 이후 판정",IF(G6=0,IF(B6>가정!$B$12,"중단 검토(계약 0)","-"),IF((B6+H6)/G6>가정!$B$12,"중단","유지"))) -> 8주 차 이후 판정
A7: 클립 | B7: =SUMIFS(주간기록!$E:$E,주간기록!$D:$D,$A7) -> 0 | C7: =SUMIFS(주간기록!$F:$F,주간기록!$D:$D,$A7) -> 0 | D7: =SUMIFS(주간기록!$G:$G,주간기록!$D:$D,$A7) -> 0 | E7: =SUMIFS(주간기록!$H:$H,주간기록!$D:$D,$A7) -> 0 | F7: =SUMIFS(주간기록!$I:$I,주간기록!$D:$D,$A7) -> 0 | G7: =SUMIFS(주간기록!$J:$J,주간기록!$D:$D,$A7) -> 0 | H7: =SUMIFS(주간기록!$K:$K,주간기록!$D:$D,$A7) -> 0 | I7: =IF(C7=0,"",B7/C7) | J7: =IF(E7=0,"",B7/E7) | K7: =IF(G7=0,"",(B7+H7)/G7) | L7: =IF(A7="구매DB","기준선(B)",IF(AND(B7=0,C7=0),"",IF(AND(B7<가정!$B$7,C7<가정!$B$8),"판단 보류",IF(E7=0,IF(B7>=가정!$B$7,"중단 검토(유효상담 0)","판단 보류"),IF(B7/E7>2*가정!$B$14,"중단",IF(B7/E7<=가정!$B$14,"증액(주 20~30%)","유지·소재 1개 교체")))))) | M7: =IF(MAX(주간기록!$A:$A)<가정!$B$9,"8주 차 이후 판정",IF(G7=0,IF(B7>가정!$B$12,"중단 검토(계약 0)","-"),IF((B7+H7)/G7>가정!$B$12,"중단","유지"))) -> 8주 차 이후 판정
A8: 쇼츠 | B8: =SUMIFS(주간기록!$E:$E,주간기록!$D:$D,$A8) -> 0 | C8: =SUMIFS(주간기록!$F:$F,주간기록!$D:$D,$A8) -> 0 | D8: =SUMIFS(주간기록!$G:$G,주간기록!$D:$D,$A8) -> 0 | E8: =SUMIFS(주간기록!$H:$H,주간기록!$D:$D,$A8) -> 0 | F8: =SUMIFS(주간기록!$I:$I,주간기록!$D:$D,$A8) -> 0 | G8: =SUMIFS(주간기록!$J:$J,주간기록!$D:$D,$A8) -> 0 | H8: =SUMIFS(주간기록!$K:$K,주간기록!$D:$D,$A8) -> 0 | I8: =IF(C8=0,"",B8/C8) | J8: =IF(E8=0,"",B8/E8) | K8: =IF(G8=0,"",(B8+H8)/G8) | L8: =IF(A8="구매DB","기준선(B)",IF(AND(B8=0,C8=0),"",IF(AND(B8<가정!$B$7,C8<가정!$B$8),"판단 보류",IF(E8=0,IF(B8>=가정!$B$7,"중단 검토(유효상담 0)","판단 보류"),IF(B8/E8>2*가정!$B$14,"중단",IF(B8/E8<=가정!$B$14,"증액(주 20~30%)","유지·소재 1개 교체")))))) | M8: =IF(MAX(주간기록!$A:$A)<가정!$B$9,"8주 차 이후 판정",IF(G8=0,IF(B8>가정!$B$12,"중단 검토(계약 0)","-"),IF((B8+H8)/G8>가정!$B$12,"중단","유지"))) -> 8주 차 이후 판정
A9: 릴스 | B9: =SUMIFS(주간기록!$E:$E,주간기록!$D:$D,$A9) -> 0 | C9: =SUMIFS(주간기록!$F:$F,주간기록!$D:$D,$A9) -> 0 | D9: =SUMIFS(주간기록!$G:$G,주간기록!$D:$D,$A9) -> 0 | E9: =SUMIFS(주간기록!$H:$H,주간기록!$D:$D,$A9) -> 0 | F9: =SUMIFS(주간기록!$I:$I,주간기록!$D:$D,$A9) -> 0 | G9: =SUMIFS(주간기록!$J:$J,주간기록!$D:$D,$A9) -> 0 | H9: =SUMIFS(주간기록!$K:$K,주간기록!$D:$D,$A9) -> 0 | I9: =IF(C9=0,"",B9/C9) | J9: =IF(E9=0,"",B9/E9) | K9: =IF(G9=0,"",(B9+H9)/G9) | L9: =IF(A9="구매DB","기준선(B)",IF(AND(B9=0,C9=0),"",IF(AND(B9<가정!$B$7,C9<가정!$B$8),"판단 보류",IF(E9=0,IF(B9>=가정!$B$7,"중단 검토(유효상담 0)","판단 보류"),IF(B9/E9>2*가정!$B$14,"중단",IF(B9/E9<=가정!$B$14,"증액(주 20~30%)","유지·소재 1개 교체")))))) | M9: =IF(MAX(주간기록!$A:$A)<가정!$B$9,"8주 차 이후 판정",IF(G9=0,IF(B9>가정!$B$12,"중단 검토(계약 0)","-"),IF((B9+H9)/G9>가정!$B$12,"중단","유지"))) -> 8주 차 이후 판정
A10: 카카오숏폼 | B10: =SUMIFS(주간기록!$E:$E,주간기록!$D:$D,$A10) -> 0 | C10: =SUMIFS(주간기록!$F:$F,주간기록!$D:$D,$A10) -> 0 | D10: =SUMIFS(주간기록!$G:$G,주간기록!$D:$D,$A10) -> 0 | E10: =SUMIFS(주간기록!$H:$H,주간기록!$D:$D,$A10) -> 0 | F10: =SUMIFS(주간기록!$I:$I,주간기록!$D:$D,$A10) -> 0 | G10: =SUMIFS(주간기록!$J:$J,주간기록!$D:$D,$A10) -> 0 | H10: =SUMIFS(주간기록!$K:$K,주간기록!$D:$D,$A10) -> 0 | I10: =IF(C10=0,"",B10/C10) | J10: =IF(E10=0,"",B10/E10) | K10: =IF(G10=0,"",(B10+H10)/G10) | L10: =IF(A10="구매DB","기준선(B)",IF(AND(B10=0,C10=0),"",IF(AND(B10<가정!$B$7,C10<가정!$B$8),"판단 보류",IF(E10=0,IF(B10>=가정!$B$7,"중단 검토(유효상담 0)","판단 보류"),IF(B10/E10>2*가정!$B$14,"중단",IF(B10/E10<=가정!$B$14,"증액(주 20~30%)","유지·소재 1개 교체")))))) | M10: =IF(MAX(주간기록!$A:$A)<가정!$B$9,"8주 차 이후 판정",IF(G10=0,IF(B10>가정!$B$12,"중단 검토(계약 0)","-"),IF((B10+H10)/G10>가정!$B$12,"중단","유지"))) -> 8주 차 이후 판정
A11: 소개 | B11: =SUMIFS(주간기록!$E:$E,주간기록!$D:$D,$A11) -> 0 | C11: =SUMIFS(주간기록!$F:$F,주간기록!$D:$D,$A11) -> 0 | D11: =SUMIFS(주간기록!$G:$G,주간기록!$D:$D,$A11) -> 0 | E11: =SUMIFS(주간기록!$H:$H,주간기록!$D:$D,$A11) -> 0 | F11: =SUMIFS(주간기록!$I:$I,주간기록!$D:$D,$A11) -> 0 | G11: =SUMIFS(주간기록!$J:$J,주간기록!$D:$D,$A11) -> 0 | H11: =SUMIFS(주간기록!$K:$K,주간기록!$D:$D,$A11) -> 0 | I11: =IF(C11=0,"",B11/C11) | J11: =IF(E11=0,"",B11/E11) | K11: =IF(G11=0,"",(B11+H11)/G11) | L11: =IF(A11="구매DB","기준선(B)",IF(AND(B11=0,C11=0),"",IF(AND(B11<가정!$B$7,C11<가정!$B$8),"판단 보류",IF(E11=0,IF(B11>=가정!$B$7,"중단 검토(유효상담 0)","판단 보류"),IF(B11/E11>2*가정!$B$14,"중단",IF(B11/E11<=가정!$B$14,"증액(주 20~30%)","유지·소재 1개 교체")))))) | M11: =IF(MAX(주간기록!$A:$A)<가정!$B$9,"8주 차 이후 판정",IF(G11=0,IF(B11>가정!$B$12,"중단 검토(계약 0)","-"),IF((B11+H11)/G11>가정!$B$12,"중단","유지"))) -> 8주 차 이후 판정
A12: 기존고객 | B12: =SUMIFS(주간기록!$E:$E,주간기록!$D:$D,$A12) -> 0 | C12: =SUMIFS(주간기록!$F:$F,주간기록!$D:$D,$A12) -> 0 | D12: =SUMIFS(주간기록!$G:$G,주간기록!$D:$D,$A12) -> 0 | E12: =SUMIFS(주간기록!$H:$H,주간기록!$D:$D,$A12) -> 0 | F12: =SUMIFS(주간기록!$I:$I,주간기록!$D:$D,$A12) -> 0 | G12: =SUMIFS(주간기록!$J:$J,주간기록!$D:$D,$A12) -> 0 | H12: =SUMIFS(주간기록!$K:$K,주간기록!$D:$D,$A12) -> 0 | I12: =IF(C12=0,"",B12/C12) | J12: =IF(E12=0,"",B12/E12) | K12: =IF(G12=0,"",(B12+H12)/G12) | L12: =IF(A12="구매DB","기준선(B)",IF(AND(B12=0,C12=0),"",IF(AND(B12<가정!$B$7,C12<가정!$B$8),"판단 보류",IF(E12=0,IF(B12>=가정!$B$7,"중단 검토(유효상담 0)","판단 보류"),IF(B12/E12>2*가정!$B$14,"중단",IF(B12/E12<=가정!$B$14,"증액(주 20~30%)","유지·소재 1개 교체")))))) | M12: =IF(MAX(주간기록!$A:$A)<가정!$B$9,"8주 차 이후 판정",IF(G12=0,IF(B12>가정!$B$12,"중단 검토(계약 0)","-"),IF((B12+H12)/G12>가정!$B$12,"중단","유지"))) -> 8주 차 이후 판정
A13: 기타 | B13: =SUMIFS(주간기록!$E:$E,주간기록!$D:$D,$A13) -> 0 | C13: =SUMIFS(주간기록!$F:$F,주간기록!$D:$D,$A13) -> 0 | D13: =SUMIFS(주간기록!$G:$G,주간기록!$D:$D,$A13) -> 0 | E13: =SUMIFS(주간기록!$H:$H,주간기록!$D:$D,$A13) -> 0 | F13: =SUMIFS(주간기록!$I:$I,주간기록!$D:$D,$A13) -> 0 | G13: =SUMIFS(주간기록!$J:$J,주간기록!$D:$D,$A13) -> 0 | H13: =SUMIFS(주간기록!$K:$K,주간기록!$D:$D,$A13) -> 0 | I13: =IF(C13=0,"",B13/C13) | J13: =IF(E13=0,"",B13/E13) | K13: =IF(G13=0,"",(B13+H13)/G13) | L13: =IF(A13="구매DB","기준선(B)",IF(AND(B13=0,C13=0),"",IF(AND(B13<가정!$B$7,C13<가정!$B$8),"판단 보류",IF(E13=0,IF(B13>=가정!$B$7,"중단 검토(유효상담 0)","판단 보류"),IF(B13/E13>2*가정!$B$14,"중단",IF(B13/E13<=가정!$B$14,"증액(주 20~30%)","유지·소재 1개 교체")))))) | M13: =IF(MAX(주간기록!$A:$A)<가정!$B$9,"8주 차 이후 판정",IF(G13=0,IF(B13>가정!$B$12,"중단 검토(계약 0)","-"),IF((B13+H13)/G13>가정!$B$12,"중단","유지"))) -> 8주 차 이후 판정
A14: 합계 | B14: =SUM(B2:B13) -> 835000 | C14: =SUM(C2:C13) -> 21 | D14: =SUM(D2:D13) -> 10 | E14: =SUM(E2:E13) -> 5 | F14: =SUM(F2:F13) -> 2 | G14: =SUM(G2:G13) -> 0 | H14: =SUM(H2:H13) -> 0 | I14: =IF(C14=0,"",B14/C14) -> 39761.905 | J14: =IF(E14=0,"",B14/E14) -> 167000 | K14: =IF(G14=0,"",(B14+H14)/G14)

Sheet 월손익
A1: 월 | B1: 계약 건수 | C1: 건당 순공헌 | D1: 공헌 합계 | E1: 광고비 | F1: 도구비 | G1: 순이익 | H1: 손익분기 계약 수 | I1: 목표 대비 | K1: 목표 계약(가정)
A2: 2026-11 | C2: =가정!$B$2 -> 1300000 | D2: =B2*C2 -> 0 | F2: =가정!$B$5 -> 250000 | G2: =D2-E2-F2 -> -250000 | H2: =IFERROR((E2+F2)/C2,0) -> 0.19230769 | I2: =IF(B2="","",IF(B2>=K2,"목표 달성","미달")) | K2: 2
A3: 2026-12 | C3: =가정!$B$2 -> 1300000 | D3: =B3*C3 -> 0 | F3: =가정!$B$5 -> 250000 | G3: =D3-E3-F3 -> -250000 | H3: =IFERROR((E3+F3)/C3,0) -> 0.19230769 | I3: =IF(B3="","",IF(B3>=K3,"목표 달성","미달")) | K3: 3
A4: 2027-01 | C4: =가정!$B$2 -> 1300000 | D4: =B4*C4 -> 0 | F4: =가정!$B$5 -> 250000 | G4: =D4-E4-F4 -> -250000 | H4: =IFERROR((E4+F4)/C4,0) -> 0.19230769 | I4: =IF(B4="","",IF(B4>=K4,"목표 달성","미달")) | K4: 4
A5: 2027-02 | C5: =가정!$B$2 -> 1300000 | D5: =B5*C5 -> 0 | F5: =가정!$B$5 -> 250000 | G5: =D5-E5-F5 -> -250000 | H5: =IFERROR((E5+F5)/C5,0) -> 0.19230769 | I5: =IF(B5="","",IF(B5>=K5,"목표 달성","미달")) | K5: 5
A6: 2027-03 | C6: =가정!$B$2 -> 1300000 | D6: =B6*C6 -> 0 | F6: =가정!$B$5 -> 250000 | G6: =D6-E6-F6 -> -250000 | H6: =IFERROR((E6+F6)/C6,0) -> 0.19230769 | I6: =IF(B6="","",IF(B6>=K6,"목표 달성","미달")) | K6: 6
A7: 2027-04 | C7: =가정!$B$2 -> 1300000 | D7: =B7*C7 -> 0 | F7: =가정!$B$5 -> 250000 | G7: =D7-E7-F7 -> -250000 | H7: =IFERROR((E7+F7)/C7,0) -> 0.19230769 | I7: =IF(B7="","",IF(B7>=K7,"목표 달성","미달")) | K7: 7
A9: 광고비는 해당 월 실제 소진액을 입력(주간기록 합계와 대조). 계약 건수는 기존 고객발 포함 전체.
